청각	ㅊㅓㅇㄱㅏㄱ	소리를 듣는 감각.
연금	ㅇㅕㄴㄱㅡㅁ	나이가 들거나 일을 못 하게 되었을 때 나라나 기관에서 해마다 받는 돈.
통화	ㅌㅗㅇㅎㅗㅏ	전화로 이야기를 주고받음. 또는 한 나라에서 쓰는 화폐.
훈장	ㅎㅜㄴㅈㅏㅇ	나라에 공을 세운 사람에게 주는 기장. 또는 옛날 서당에서 글을 가르치던 선생.
중국	ㅈㅜㅇㄱㅜㄱ	아시아 동쪽에 있는 나라. 수도는 베이징.
축제	ㅊㅜㄱㅈㅓㅣ	기념하거나 축하하려고 여는 큰 잔치.
매복	ㅁㅏㅣㅂㅗㄱ	적을 기습하려고 몰래 숨어서 기다림.
금융	ㄱㅡㅁㅇㅠㅇ	돈을 빌려주고 빌리는 일. 은행 같은 곳이 하는 돈의 흐름.
중력	ㅈㅜㅇㄹㅕㄱ	지구가 물체를 아래로 끌어당기는 힘.
대변	ㄷㅏㅣㅂㅕㄴ	똥을 점잖게 이르는 말. 또는 남을 대신해 의견을 말함.
양반	ㅇㅑㅇㅂㅏㄴ	조선 시대의 지배 신분. 또는 점잖은 사람을 이르는 말.
보드카	ㅂㅗㄷㅡㅋㅏ	러시아를 대표하는 무색투명한 독한 술.
대화	ㄷㅏㅣㅎㅗㅏ	마주 보고 이야기를 주고받음.
인민	ㅇㅣㄴㅁㅣㄴ	나라를 이루는 사람들. 국민.
영감	ㅇㅕㅇㄱㅏㅁ	나이 든 남자를 이르는 말. 또는 갑자기 떠오르는 좋은 생각.
목록	ㅁㅗㄱㄹㅗㄱ	물건이나 항목의 이름을 차례대로 적은 표.
내심	ㄴㅏㅣㅅㅣㅁ	겉으로 드러내지 않는 속마음.
미이라	ㅁㅣㅇㅣㄹㅏ	썩지 않고 말라서 오래 남은 사람이나 동물의 몸. 표준 표기는 미라.
결국	ㄱㅕㄹㄱㅜㄱ	일이 마무리되는 마당에. 마침내.
와선	ㅇㅗㅏㅅㅓㄴ	나사처럼 빙빙 도는 선. 나선의 옛말.
국내	ㄱㅜㄱㄴㅏㅣ	나라의 안.
해적	ㅎㅏㅣㅈㅓㄱ	바다에서 배를 습격해 물건을 빼앗는 도둑.
일명	ㅇㅣㄹㅁㅕㅇ	본래 이름 말고 따로 부르는 이름.
중년	ㅈㅜㅇㄴㅕㄴ	마흔 안팎에서 쉰 안팎까지의 나이.
단골	ㄷㅏㄴㄱㅗㄹ	늘 정해 놓고 거래하는 손님이나 가게.
침대	ㅊㅣㅁㄷㅏㅣ	사람이 누워 자도록 만든 가구.
상병	ㅅㅏㅇㅂㅕㅇ	군대 계급의 하나. 일병의 위, 병장의 아래.
날씨	ㄴㅏㄹㅅㅅㅣ	그날그날의 비, 바람, 기온 같은 대기의 상태.
예전	ㅇㅕㅣㅈㅓㄴ	꽤 오래된 지난날.
결제	ㄱㅕㄹㅈㅓㅣ	물건값이나 대금을 주고받아 거래를 끝냄.
삼촌	ㅅㅏㅁㅊㅗㄴ	아버지의 결혼하지 않은 남자 형제.
선반	ㅅㅓㄴㅂㅏㄴ	물건을 얹어 두려고 벽에 달아 놓은 판.
제품	ㅈㅓㅣㅍㅜㅁ	원료를 가공해 만든 물건.
전국	ㅈㅓㄴㄱㅜㄱ	온 나라.
적응	ㅈㅓㄱㅇㅡㅇ	새로운 조건이나 환경에 맞추어 익숙해짐.
설계	ㅅㅓㄹㄱㅕㅣ	건물이나 기계 따위를 만들기 위해 계획을 세우고 도면을 그림.
출현	ㅊㅜㄹㅎㅕㄴ	나타남.
화분	ㅎㅗㅏㅂㅜㄴ	꽃이나 풀을 심어 가꾸는 그릇.
훈련	ㅎㅜㄴㄹㅕㄴ	익숙해지도록 반복해서 가르치고 연습함.
매형	ㅁㅏㅣㅎㅕㅇ	손위 누이의 남편.
질문	ㅈㅣㄹㅁㅜㄴ	모르거나 궁금한 것을 물음.
의역	ㅇㅡㅣㅇㅕㄱ	원문의 뜻을 살려 자연스럽게 번역함.
시치미	ㅅㅣㅊㅣㅁㅣ	알고도 모르는 체하는 태도.
날개	ㄴㅏㄹㄱㅏㅣ	새나 곤충이 날 때 쓰는 몸의 부분.
점화	ㅈㅓㅁㅎㅗㅏ	불을 붙임.
천식	ㅊㅓㄴㅅㅣㄱ	숨이 차고 기침이 나는 병.
제외	ㅈㅓㅣㅇㅗㅣ	따로 떼어 내어 셈에 넣지 않음.
한통	ㅎㅏㄴㅌㅗㅇ	한통속. 서로 마음이 맞아 같이 어울리는 무리.
소다수	ㅅㅗㄷㅏㅅㅜ	탄산가스를 녹인 물. 탄산수.
문학	ㅁㅜㄴㅎㅏㄱ	시, 소설, 희곡처럼 말과 글로 표현하는 예술.
정면	ㅈㅓㅇㅁㅕㄴ	똑바로 마주 보이는 앞쪽 면.
안정	ㅇㅏㄴㅈㅓㅇ	흔들리지 않고 편안하고 고요한 상태.
헌법	ㅎㅓㄴㅂㅓㅂ	나라를 다스리는 근본이 되는 최고 법.
용병	ㅇㅛㅇㅂㅕㅇ	돈을 받고 싸우는 군인.
화학	ㅎㅗㅏㅎㅏㄱ	물질의 성질과 변화를 연구하는 학문.
현찰	ㅎㅕㄴㅊㅏㄹ	현금. 지금 가지고 있는 돈.
감정	ㄱㅏㅁㅈㅓㅇ	기쁨, 슬픔, 화 같은 마음의 느낌.
큐피드	ㅋㅠㅍㅣㄷㅡ	로마 신화에 나오는 사랑의 신. 활과 화살을 든 아이 모습.
인식	ㅇㅣㄴㅅㅣㄱ	사물을 알아보고 분별함.
변경	ㅂㅕㄴㄱㅕㅇ	다르게 바꿈.
공식	ㄱㅗㅇㅅㅣㄱ	공적으로 정해진 방식. 또는 수학의 계산 규칙을 나타낸 식.
쉬면	ㅅㅜㅣㅁㅕㄴ	쉬다의 활용형. 잠시 일을 멈추고 몸을 편히 하면.
감동	ㄱㅏㅁㄷㅗㅇ	크게 느끼어 마음이 움직임.
간섭	ㄱㅏㄴㅅㅓㅂ	남의 일에 부당하게 참견함.
근신	ㄱㅡㄴㅅㅣㄴ	말이나 행동을 삼가고 조심함.
대체	ㄷㅏㅣㅊㅓㅣ	다른 것으로 대신함.
그램	ㄱㅡㄹㅏㅣㅁ	무게의 단위. 1킬로그램의 천분의 일.
운전	ㅇㅜㄴㅈㅓㄴ	자동차 같은 기계를 움직여 부림.
혼돈	ㅎㅗㄴㄷㅗㄴ	뒤죽박죽이 되어 갈피를 잡을 수 없는 상태.
만화	ㅁㅏㄴㅎㅗㅏ	그림과 글로 이야기를 전하는 그림책이나 작품.
작살	ㅈㅏㄱㅅㅏㄹ	물고기를 찔러 잡는 도구. 또는 어떤 것을 완전히 부숴 버림을 속되게 이르는 말.
선회	ㅅㅓㄴㅎㅗㅣ	둘레를 빙빙 돎.
신념	ㅅㅣㄴㄴㅕㅁ	굳게 믿는 마음.
계단	ㄱㅕㅣㄷㅏㄴ	오르내리기 위해 층층이 만든 발판.
세계	ㅅㅓㅣㄱㅕㅣ	지구 위의 모든 나라와 사람. 온 누리.
직전	ㅈㅣㄱㅈㅓㄴ	바로 앞.
경련	ㄱㅕㅇㄹㅕㄴ	근육이 저절로 오그라들거나 떨림.
음성	ㅇㅡㅁㅅㅓㅇ	사람의 목소리.
숨길	ㅅㅜㅁㄱㅣㄹ	숨기다의 활용형. 드러나지 않게 감출.
급성	ㄱㅡㅂㅅㅓㅇ	병이 갑자기 나타나고 빠르게 진행되는 성질.
전통	ㅈㅓㄴㅌㅗㅇ	옛날부터 이어져 내려오는 사상이나 풍습.
소원	ㅅㅗㅇㅜㅓㄴ	바라고 원함. 또는 그 바람.
국경	ㄱㅜㄱㄱㅕㅇ	나라와 나라 사이의 경계.
랜드	ㄹㅏㅣㄴㄷㅡ	땅, 나라를 뜻하는 영어. 놀이공원 이름에 흔히 붙음.
통신	ㅌㅗㅇㅅㅣㄴ	편지, 전화, 인터넷 따위로 소식을 주고받음.
탄약	ㅌㅏㄴㅇㅑㄱ	총이나 대포에 쓰는 화약과 탄알.
한대	ㅎㅏㄴㄷㅏㅣ	한 대. 한 번 때림. 또는 차 한 대.
강연	ㄱㅏㅇㅇㅕㄴ	여러 사람 앞에서 어떤 주제로 이야기함.
면상	ㅁㅕㄴㅅㅏㅇ	얼굴을 낮잡아 이르는 말.
중심	ㅈㅜㅇㅅㅣㅁ	사물의 한가운데. 또는 가장 중요한 부분.
경찰	ㄱㅕㅇㅊㅏㄹ	치안을 지키고 범죄를 막는 국가 기관. 또는 그 일을 하는 사람.
세금	ㅅㅓㅣㄱㅡㅁ	나라나 지방 자치 단체가 국민에게서 거두는 돈.
점심	ㅈㅓㅁㅅㅣㅁ	낮에 먹는 끼니.
귀족	ㄱㅜㅣㅈㅗㄱ	신분이 높은 사람들.
연방	ㅇㅕㄴㅂㅏㅇ	여러 주나 나라가 하나의 국가를 이룬 형태.
한말	ㅎㅏㄴㅁㅏㄹ	한국어. 또는 조선 말기.
출전	ㅊㅜㄹㅈㅓㄴ	경기나 시합에 나감.
배정	ㅂㅏㅣㅈㅓㅇ	몫을 나누어 정함.
경제	ㄱㅕㅇㅈㅓㅣ	재화와 돈이 오가는 사회 활동. 또는 살림살이.
공동	ㄱㅗㅇㄷㅗㅇ	둘 이상이 함께함.
상승	ㅅㅏㅇㅅㅡㅇ	위로 올라감.
계절	ㄱㅕㅣㅈㅓㄹ	봄, 여름, 가을, 겨울처럼 나뉘는 한 해의 시기.
공장	ㄱㅗㅇㅈㅏㅇ	물건을 만드는 곳.
인형	ㅇㅣㄴㅎㅕㅇ	사람이나 동물 모양으로 만든 장난감.
인간	ㅇㅣㄴㄱㅏㄴ	사람.
파트너	ㅍㅏㅌㅡㄴㅓ	함께 일하거나 춤추거나 경기하는 짝.
수액	ㅅㅜㅇㅏㅣㄱ	나무에서 나오는 즙. 또는 병원에서 혈관으로 넣는 약물.
충돌	ㅊㅜㅇㄷㅗㄹ	서로 맞부딪침.
위탁	ㅇㅜㅣㅌㅏㄱ	남에게 맡김.
성별	ㅅㅓㅇㅂㅕㄹ	남자와 여자의 구별.
신문	ㅅㅣㄴㅁㅜㄴ	새 소식을 알리는 정기 간행물.
동작	ㄷㅗㅇㅈㅏㄱ	몸을 움직임.
간대	ㄱㅏㄴㄷㅏㅣ	간대다. 가는 대의 준말. 낚싯대나 장대.
정화	ㅈㅓㅇㅎㅗㅏ	더러운 것을 깨끗하게 함.
약국	ㅇㅑㄱㄱㅜㄱ	약을 파는 가게.
트랙	ㅌㅡㄹㅏㅣㄱ	육상 경기장의 달리는 길. 또는 음반의 곡 하나.
의용	ㅇㅡㅣㅇㅛㅇ	스스로 나서는 용기. 의용군의 준말.
출입	ㅊㅜㄹㅇㅣㅂ	드나듦.
왁스	ㅇㅗㅏㄱㅅㅡ	광택을 내거나 머리를 정리할 때 쓰는 기름 성분의 물질.
숙제	ㅅㅜㄱㅈㅓㅣ	집에서 해 오라고 내 주는 과제.
징역	ㅈㅣㅇㅇㅕㄱ	죄인을 교도소에 가두고 일을 시키는 형벌.
팔면	ㅍㅏㄹㅁㅕㄴ	여덟 개의 면. 팔면체.
신뢰	ㅅㅣㄴㄹㅗㅣ	굳게 믿고 의지함.
망칠	ㅁㅏㅇㅊㅣㄹ	망치다의 활용형. 일을 그르칠.
말일	ㅁㅏㄹㅇㅣㄹ	그달의 마지막 날.
결론	ㄱㅕㄹㄹㅗㄴ	이야기나 글의 끝맺는 부분. 최종 판단.
한눈	ㅎㅏㄴㄴㅜㄴ	한 번 보는 눈길. 또는 마땅히 볼 데를 안 보고 딴 데를 보는 눈.
등반	ㄷㅡㅇㅂㅏㄴ	높은 산이나 절벽을 오름.
정체	ㅈㅓㅇㅊㅓㅣ	참된 본모습. 또는 길이 막혀 움직이지 못함.
일할	ㅇㅣㄹㅎㅏㄹ	일하다의 활용형. 일을 할.
분대	ㅂㅜㄴㄷㅏㅣ	군대의 가장 작은 단위 부대.
식품	ㅅㅣㄱㅍㅜㅁ	먹을거리.
신용	ㅅㅣㄴㅇㅛㅇ	믿고 쓸 수 있는 정도. 돈을 갚을 능력에 대한 믿음.
아이비	ㅇㅏㅇㅣㅂㅣ	담쟁이덩굴. 또는 미국 명문 대학들을 이르는 말.
접속	ㅈㅓㅂㅅㅗㄱ	서로 이어 붙임. 인터넷에 연결함.
더하기	ㄷㅓㅎㅏㄱㅣ	덧셈.
칼슘	ㅋㅏㄹㅅㅠㅁ	뼈와 이를 이루는 주요 원소.
속일	ㅅㅗㄱㅇㅣㄹ	속이다의 활용형. 거짓으로 남을 꾈.
델타	ㄷㅓㅣㄹㅌㅏ	그리스 문자의 넷째 글자. 또는 강 하구의 삼각주.
차우더	ㅊㅏㅇㅜㄷㅓ	조개나 생선을 넣어 걸쭉하게 끓인 서양 수프.
방법	ㅂㅏㅇㅂㅓㅂ	일을 해 나가는 수단이나 방식.
감독	ㄱㅏㅁㄷㅗㄱ	일을 지휘하고 살핌. 또는 영화나 경기를 이끄는 사람.
사이즈	ㅅㅏㅇㅣㅈㅡ	크기. 치수.
살길	ㅅㅏㄹㄱㅣㄹ	살아갈 방도.
등산	ㄷㅡㅇㅅㅏㄴ	산에 오름.
퇴역	ㅌㅗㅣㅇㅕㄱ	군인이 현역에서 물러남.
종족	ㅈㅗㅇㅈㅗㄱ	같은 조상과 문화를 가진 무리.
평화	ㅍㅕㅇㅎㅗㅏ	전쟁이나 다툼이 없이 평온함.
법대	ㅂㅓㅂㄷㅏㅣ	법학을 가르치는 단과 대학.
전략	ㅈㅓㄴㄹㅑㄱ	목표를 이루기 위한 큰 계획.
오스카	ㅇㅗㅅㅡㅋㅏ	미국 영화 아카데미상의 별칭.
시버트	ㅅㅣㅂㅓㅌㅡ	방사선이 몸에 미치는 영향을 나타내는 단위.
눈물	ㄴㅜㄴㅁㅜㄹ	눈에서 흘러나오는 물.
스피커	ㅅㅡㅍㅣㅋㅓ	소리를 크게 내보내는 장치.
소고기	ㅅㅗㄱㅗㄱㅣ	소의 고기.
공상	ㄱㅗㅇㅅㅏㅇ	현실성이 없는 헛된 생각.
한방	ㅎㅏㄴㅂㅏㅇ	한 번 때림. 또는 우리나라 전통 의학.
고스트	ㄱㅗㅅㅡㅌㅡ	유령을 뜻하는 영어.
임상	ㅇㅣㅁㅅㅏㅇ	환자를 직접 진료하고 관찰하는 일.
탐문	ㅌㅏㅁㅁㅜㄴ	알아내려고 더듬어 찾아 물음.
재산	ㅈㅏㅣㅅㅏㄴ	가지고 있는 돈과 값나가는 물건.
차차차	ㅊㅏㅊㅏㅊㅏ	라틴 아메리카에서 생긴 경쾌한 춤과 음악.
의장	ㅇㅡㅣㅈㅏㅇ	회의를 이끄는 사람.
해병	ㅎㅏㅣㅂㅕㅇ	바다와 육지 양쪽에서 싸우는 군인.
서비스	ㅅㅓㅂㅣㅅㅡ	남을 위해 봉사함. 또는 덤으로 주는 것.
오디오	ㅇㅗㄷㅣㅇㅗ	소리를 재생하는 장치.
소나무	ㅅㅗㄴㅏㅁㅜ	사철 푸른 바늘잎을 가진 우리나라 대표 나무.
탈락	ㅌㅏㄹㄹㅏㄱ	빠져서 떨어짐. 뽑히지 못함.
회계	ㅎㅗㅣㄱㅕㅣ	돈의 드나듦을 계산하고 기록하는 일.
대량	ㄷㅏㅣㄹㅑㅇ	많은 양.
현장	ㅎㅕㄴㅈㅏㅇ	일이 벌어진 그 자리.
대함	ㄷㅏㅣㅎㅏㅁ	큰 군함. 또는 큰 함에 담음.
천재	ㅊㅓㄴㅈㅏㅣ	타고난 재능이 뛰어난 사람.
선박	ㅅㅓㄴㅂㅏㄱ	배.
계좌	ㄱㅕㅣㅈㅗㅏ	은행에서 돈을 넣고 찾을 수 있게 만든 장부상의 자리.
정신	ㅈㅓㅇㅅㅣㄴ	마음이나 생각. 사물을 느끼고 판단하는 능력.
크로스	ㅋㅡㄹㅗㅅㅡ	교차. 십자 모양.
복용	ㅂㅗㄱㅇㅛㅇ	약을 먹음.
머저리	ㅁㅓㅈㅓㄹㅣ	어리석고 둔한 사람을 놀리는 말.
접촉	ㅈㅓㅂㅊㅗㄱ	서로 맞닿음.
마스크	ㅁㅏㅅㅡㅋㅡ	입과 코를 가리는 물건.
중단	ㅈㅜㅇㄷㅏㄴ	하던 일을 중간에 그만둠.
해결	ㅎㅏㅣㄱㅕㄹ	얽힌 문제를 잘 처리함.
검정	ㄱㅓㅁㅈㅓㅇ	검은 빛깔. 또는 자격이나 실력을 검사해 결정함.
설정	ㅅㅓㄹㅈㅓㅇ	새로 만들어 정함.
법안	ㅂㅓㅂㅇㅏㄴ	국회에 낸 법률의 초안.
전면	ㅈㅓㄴㅁㅕㄴ	앞면. 또는 모든 면.
클릭	ㅋㅡㄹㄹㅣㄱ	마우스 단추를 누름.
제발	ㅈㅓㅣㅂㅏㄹ	간절히 바라건대.
상태	ㅅㅏㅇㅌㅏㅣ	사물이나 현상이 놓여 있는 형편.
작성	ㅈㅏㄱㅅㅓㅇ	서류나 글을 만듦.
진탕	ㅈㅣㄴㅌㅏㅇ	실컷. 싫증이 나도록.
대개	ㄷㅏㅣㄱㅏㅣ	대부분. 거의 다.
과학	ㄱㅗㅏㅎㅏㄱ	자연과 세상의 이치를 체계적으로 연구하는 학문.
해선	ㅎㅏㅣㅅㅓㄴ	해상 항로. 뱃길.
마우스	ㅁㅏㅇㅜㅅㅡ	컴퓨터 입력 장치의 하나.
정할	ㅈㅓㅇㅎㅏㄹ	정하다의 활용형. 결정할.
경계	ㄱㅕㅇㄱㅕㅣ	지역과 지역이 나뉘는 한계. 또는 조심하여 살핌.
산악	ㅅㅏㄴㅇㅏㄱ	높고 험한 산들.
슬픔	ㅅㅡㄹㅍㅡㅁ	마음이 아프고 괴로운 느낌.
반란	ㅂㅏㄴㄹㅏㄴ	정부나 지배자에 맞서 일으키는 무장 저항.
외계	ㅇㅗㅣㄱㅕㅣ	지구 밖의 세계.
제약	ㅈㅓㅣㅇㅑㄱ	조건을 붙여 제한함. 또는 약을 만듦.
물질	ㅁㅜㄹㅈㅣㄹ	물체를 이루는 본바탕.
중위	ㅈㅜㅇㅇㅜㅣ	군대 계급의 하나. 소위의 위, 대위의 아래.
동성	ㄷㅗㅇㅅㅓㅇ	같은 성별.
대면	ㄷㅏㅣㅁㅕㄴ	얼굴을 마주 보고 만남.
진상	ㅈㅣㄴㅅㅏㅇ	일의 참된 사정. 또는 못된 행동을 하는 사람을 속되게 이르는 말.
제법	ㅈㅓㅣㅂㅓㅂ	수준이나 솜씨가 꽤 괜찮게.
흉골	ㅎㅠㅇㄱㅗㄹ	가슴 한가운데의 뼈.
영혼	ㅇㅕㅇㅎㅗㄴ	몸에 깃들어 정신을 다스린다고 믿는 존재.
장갑	ㅈㅏㅇㄱㅏㅂ	손을 보호하려고 끼는 것.
술탄	ㅅㅜㄹㅌㅏㄴ	이슬람 나라의 군주.
벌컨	ㅂㅓㄹㅋㅓㄴ	로마 신화의 불의 신. 또는 기관포의 이름.
나누기	ㄴㅏㄴㅜㄱㅣ	나눗셈.
예약	ㅇㅕㅣㅇㅑㄱ	미리 약속해 둠.
전속	ㅈㅓㄴㅅㅗㄱ	한 곳에만 속함.
장벽	ㅈㅏㅇㅂㅕㄱ	가로막는 벽.
젤리	ㅈㅓㅣㄹㄹㅣ	과즙에 젤라틴을 넣어 굳힌 말랑한 과자.
화신	ㅎㅗㅏㅅㅣㄴ	어떤 성질이 사람으로 나타난 것.
찬성	ㅊㅏㄴㅅㅓㅇ	의견에 동의함.
응답	ㅇㅡㅇㄷㅏㅂ	부름이나 물음에 대답함.
롤링	ㄹㅗㄹㄹㅣㅇ	구르거나 굴리는 움직임.
고객	ㄱㅗㄱㅏㅣㄱ	물건을 사거나 서비스를 받는 손님.
스쿠버	ㅅㅡㅋㅜㅂㅓ	공기통을 메고 하는 잠수.
파자마	ㅍㅏㅈㅏㅁㅏ	위아래가 갈라진 잠옷.
문득	ㅁㅜㄴㄷㅡㄱ	생각이 갑자기 떠오르는 모양.
볼링	ㅂㅗㄹㄹㅣㅇ	공을 굴려 핀을 쓰러뜨리는 경기.
중간	ㅈㅜㅇㄱㅏㄴ	두 사물의 사이. 또는 한가운데.
반응	ㅂㅏㄴㅇㅡㅇ	자극에 대해 나타나는 변화.
에녹	ㅇㅓㅣㄴㅗㄱ	성경에 나오는 인물. 아담의 후손.
기획	ㄱㅣㅎㅗㅣㄱ	일을 꾀하여 계획함.
불평	ㅂㅜㄹㅍㅕㅇ	못마땅하게 여겨 투덜거림.
발전	ㅂㅏㄹㅈㅓㄴ	더 나은 상태로 나아감. 또는 전기를 일으킴.
목발	ㅁㅗㄱㅂㅏㄹ	다리를 다쳤을 때 겨드랑이에 끼고 짚는 지팡이.
스포츠	ㅅㅡㅍㅗㅊㅡ	운동 경기.
협곡	ㅎㅕㅂㄱㅗㄱ	좁고 깊은 골짜기.
의상	ㅇㅡㅣㅅㅏㅇ	옷. 특히 무대나 행사용 옷.
대륙	ㄷㅏㅣㄹㅠㄱ	넓고 큰 땅덩어리.
공공	ㄱㅗㅇㄱㅗㅇ	사회 구성원 모두에게 관계되는 것.
발목	ㅂㅏㄹㅁㅗㄱ	다리와 발이 이어지는 부분.
온천	ㅇㅗㄴㅊㅓㄴ	땅속에서 따뜻한 물이 솟는 곳.
충격	ㅊㅜㅇㄱㅕㄱ	세게 부딪침. 또는 마음에 받은 큰 자극.
중령	ㅈㅜㅇㄹㅕㅇ	군대 계급의 하나. 소령의 위, 대령의 아래.
철제	ㅊㅓㄹㅈㅓㅣ	쇠로 만든 것.
학대	ㅎㅏㄱㄷㅏㅣ	몹시 괴롭히고 못살게 굶.
등장	ㄷㅡㅇㅈㅏㅇ	무대나 장면에 나타남.
픽업	ㅍㅣㄱㅇㅓㅂ	차로 데리러 감. 또는 짐칸이 열린 소형 트럭.
친척	ㅊㅣㄴㅊㅓㄱ	혈연이나 혼인으로 이어진 사람들.
남음	ㄴㅏㅁㅇㅡㅁ	남다의 명사형. 남은 것.
명령	ㅁㅕㅇㄹㅕㅇ	윗사람이 아랫사람에게 시킴.
영양	ㅇㅕㅇㅇㅑㅇ	몸에 필요한 성분을 섭취하는 일.
통할	ㅌㅗㅇㅎㅏㄹ	통하다의 활용형. 이어질. 서로 뜻이 맞을.
국장	ㄱㅜㄱㅈㅏㅇ	관청이나 회사에서 한 국을 맡은 사람.
침공	ㅊㅣㅁㄱㅗㅇ	다른 나라에 쳐들어감.
클립	ㅋㅡㄹㄹㅣㅂ	종이를 끼워 고정하는 작은 도구.
정문	ㅈㅓㅇㅁㅜㄴ	건물의 앞쪽 주된 문.
감당	ㄱㅏㅁㄷㅏㅇ	일을 맡아서 능히 해냄.
먼데	ㅁㅓㄴㄷㅓㅣ	먼 데. 멀리 떨어진 곳.
중반	ㅈㅜㅇㅂㅏㄴ	일의 진행에서 가운데 무렵.
화장	ㅎㅗㅏㅈㅏㅇ	얼굴을 곱게 꾸밈. 또는 시체를 불에 태워 장사 지냄.
법률	ㅂㅓㅂㄹㅠㄹ	나라가 정한 법.
분석	ㅂㅜㄴㅅㅓㄱ	얽힌 것을 나누어 밝힘.
레몬	ㄹㅓㅣㅁㅗㄴ	신맛이 강한 노란 과일.
선전	ㅅㅓㄴㅈㅓㄴ	널리 알림.
만족	ㅁㅏㄴㅈㅗㄱ	마음에 흡족함.
칼륨	ㅋㅏㄹㄹㅠㅁ	식물의 생장에 필요한 금속 원소.
대본	ㄷㅏㅣㅂㅗㄴ	연극이나 영화의 대사를 적은 글.
인공	ㅇㅣㄴㄱㅗㅇ	사람의 힘으로 만든 것.
타이머	ㅌㅏㅇㅣㅁㅓ	정한 시간을 재거나 알려 주는 장치.
항법	ㅎㅏㅇㅂㅓㅂ	배나 비행기의 위치와 방향을 알아내는 기술.
끌기	ㄱㄱㅡㄹㄱㅣ	끌다의 명사형. 잡아당김.
집합	ㅈㅣㅂㅎㅏㅂ	한곳에 모임. 또는 수학에서 조건에 맞는 것들의 모임.
갈등	ㄱㅏㄹㄷㅡㅇ	서로 부딪쳐 다툼.
신종	ㅅㅣㄴㅈㅗㅇ	새로운 종류.
진척	ㅈㅣㄴㅊㅓㄱ	일이 진행되어 나아감.
당근	ㄷㅏㅇㄱㅡㄴ	주황색의 뿌리채소.
세븐	ㅅㅓㅣㅂㅡㄴ	일곱을 뜻하는 영어.
삼일	ㅅㅏㅁㅇㅣㄹ	사흘. 삼 일.
볼륨	ㅂㅗㄹㄹㅠㅁ	소리의 크기. 또는 부피.
스토커	ㅅㅡㅌㅗㅋㅓ	남을 집요하게 따라다니며 괴롭히는 사람.
인상	ㅇㅣㄴㅅㅏㅇ	얼굴 생김새에서 받는 느낌. 또는 값을 올림.
전체	ㅈㅓㄴㅊㅓㅣ	모든 것. 온통.
별건	ㅂㅕㄹㄱㅓㄴ	별개의 사건이나 일.
신경	ㅅㅣㄴㄱㅕㅇ	몸의 자극을 전하는 조직. 또는 마음을 씀.
샌더	ㅅㅏㅣㄴㄷㅓ	표면을 매끄럽게 가는 연마 공구.
대문	ㄷㅏㅣㅁㅜㄴ	집의 큰 문.
퇴각	ㅌㅗㅣㄱㅏㄱ	뒤로 물러남.
경골	ㄱㅕㅇㄱㅗㄹ	정강이뼈.
판단	ㅍㅏㄴㄷㅏㄴ	옳고 그름을 헤아려 정함.
성격	ㅅㅓㅇㄱㅕㄱ	사람이 지닌 고유한 성질.
한창	ㅎㅏㄴㅊㅏㅇ	가장 활기 있고 왕성한 때.
정복	ㅈㅓㅇㅂㅗㄱ	힘으로 다른 나라나 지역을 차지함. 또는 어려운 일을 이겨 냄.
화성	ㅎㅗㅏㅅㅓㅇ	태양계의 넷째 행성. 붉게 보임.
의대	ㅇㅡㅣㄷㅏㅣ	의학을 가르치는 단과 대학.
외상	ㅇㅗㅣㅅㅏㅇ	값을 나중에 치르기로 하고 물건을 삼. 또는 몸 바깥의 상처.
천국	ㅊㅓㄴㄱㅜㄱ	죽은 뒤에 간다는 행복한 세상. 하늘나라.
밴드	ㅂㅏㅣㄴㄷㅡ	음악을 연주하는 그룹. 또는 띠나 끈.
성경	ㅅㅓㅇㄱㅕㅇ	기독교의 경전.
한달	ㅎㅏㄴㄷㅏㄹ	한 달. 삼십 일 정도의 기간.
제일	ㅈㅓㅣㅇㅣㄹ	가장. 첫째.
교황	ㄱㅛㅎㅗㅏㅇ	가톨릭교회의 최고 지도자.
종합	ㅈㅗㅇㅎㅏㅂ	여러 가지를 한데 모아 합침.
패션	ㅍㅏㅣㅅㅕㄴ	옷차림의 유행.
새틴	ㅅㅏㅣㅌㅣㄴ	매끈하고 광택 나는 천.
골절	ㄱㅗㄹㅈㅓㄹ	뼈가 부러짐.
진전	ㅈㅣㄴㅈㅓㄴ	일이 앞으로 나아감.
물론	ㅁㅜㄹㄹㅗㄴ	말할 것도 없이.
배급	ㅂㅏㅣㄱㅡㅂ	나누어 줌.
본데	ㅂㅗㄴㄷㅓㅣ	본디 배운 예의나 교양.
정희	ㅈㅓㅇㅎㅡㅣ	사람 이름으로 흔히 쓰이는 말.
남성	ㄴㅏㅁㅅㅓㅇ	남자.
통합	ㅌㅗㅇㅎㅏㅂ	여럿을 하나로 합침.
로스트	ㄹㅗㅅㅡㅌㅡ	고기를 구움. 또는 잃어버림을 뜻하는 영어.
옵션	ㅇㅗㅂㅅㅕㄴ	선택할 수 있는 항목.
간단	ㄱㅏㄴㄷㅏㄴ	복잡하지 않고 쉬움.
행사	ㅎㅏㅣㅇㅅㅏ	어떤 목적으로 여는 모임이나 일.
용납	ㅇㅛㅇㄴㅏㅂ	너그럽게 받아들임.
음식	ㅇㅡㅁㅅㅣㄱ	먹고 마시는 것.
종신	ㅈㅗㅇㅅㅣㄴ	목숨이 다할 때까지.
조타수	ㅈㅗㅌㅏㅅㅜ	배의 키를 잡는 사람.
자켓	ㅈㅏㅋㅓㅣㅅ	앞이 트인 짧은 웃옷. 표준 표기는 재킷.
케일	ㅋㅓㅣㅇㅣㄹ	잎이 넓은 녹색 채소.
신앙	ㅅㅣㄴㅇㅏㅇ	신을 믿고 따르는 마음.
북위	ㅂㅜㄱㅇㅜㅣ	적도 북쪽의 위도.
죽음	ㅈㅜㄱㅇㅡㅁ	생명이 끝남.
안단	ㅇㅏㄴㄷㅏㄴ	걸어가는 빠르기의 음악 용어 안단테를 줄인 말.
숙청	ㅅㅜㄱㅊㅓㅇ	반대파를 없앰.
풍선	ㅍㅜㅇㅅㅓㄴ	공기를 넣어 부풀리는 얇은 주머니.
대충	ㄷㅏㅣㅊㅜㅇ	대강. 꼼꼼하지 않게.
이야기	ㅇㅣㅇㅑㄱㅣ	어떤 일에 대해 하는 말이나 줄거리.
해킹	ㅎㅏㅣㅋㅣㅇ	남의 컴퓨터에 몰래 들어감.
키보드	ㅋㅣㅂㅗㄷㅡ	글자를 입력하는 자판.
직역	ㅈㅣㄱㅇㅕㄱ	원문의 낱말과 순서를 그대로 옮겨 번역함.
심실	ㅅㅣㅁㅅㅣㄹ	심장의 아래쪽 방.
명중	ㅁㅕㅇㅈㅜㅇ	겨눈 곳에 정확히 맞음.
검증	ㄱㅓㅁㅈㅡㅇ	검사하여 증명함.
입술	ㅇㅣㅂㅅㅜㄹ	입 가장자리의 붉은 살.
간판	ㄱㅏㄴㅍㅏㄴ	가게 이름을 써서 내건 판.
문신	ㅁㅜㄴㅅㅣㄴ	살갗에 바늘로 무늬를 새김.
임명	ㅇㅣㅁㅁㅕㅇ	직책을 맡김.
탐폰	ㅌㅏㅁㅍㅗㄴ	생리 때 몸 안에 넣어 쓰는 흡수용 솜.
아벨	ㅇㅏㅂㅓㅣㄹ	성경에 나오는 인물. 아담의 둘째 아들.
작동	ㅈㅏㄱㄷㅗㅇ	기계가 움직임.
여관	ㅇㅕㄱㅗㅏㄴ	돈을 받고 손님을 묵게 하는 집.
절단	ㅈㅓㄹㄷㅏㄴ	잘라 끊음.
생기	ㅅㅏㅣㅇㄱㅣ	활발하고 싱싱한 기운.
제작	ㅈㅓㅣㅈㅏㄱ	물건이나 작품을 만듦.
돌연	ㄷㅗㄹㅇㅕㄴ	갑자기.
콜린	ㅋㅗㄹㄹㅣㄴ	사람 이름으로 흔히 쓰이는 말. 또는 몸에 필요한 영양소의 하나.
백조	ㅂㅏㅣㄱㅈㅗ	온몸이 흰 큰 물새. 고니.
라이더	ㄹㅏㅇㅣㄷㅓ	자전거나 오토바이를 타는 사람.
석궁	ㅅㅓㄱㄱㅜㅇ	방아쇠로 쏘는 활.
해안	ㅎㅏㅣㅇㅏㄴ	바다와 맞닿은 육지.
첫날	ㅊㅓㅅㄴㅏㄹ	처음 되는 날.
벽장	ㅂㅕㄱㅈㅏㅇ	벽에 붙여 만든 작은 창고.
손톱	ㅅㅗㄴㅌㅗㅂ	손가락 끝의 단단한 부분.
케익	ㅋㅓㅣㅇㅣㄱ	밀가루와 달걀로 굽는 서양 과자. 표준 표기는 케이크.
부활	ㅂㅜㅎㅗㅏㄹ	죽었다가 다시 살아남.
힙합	ㅎㅣㅂㅎㅏㅂ	랩과 비트가 중심인 음악과 문화.
오백	ㅇㅗㅂㅏㅣㄱ	백의 다섯 배.
수색	ㅅㅜㅅㅏㅣㄱ	뒤져서 찾음.
실패	ㅅㅣㄹㅍㅏㅣ	일이 잘못되어 뜻대로 되지 않음.
은폐	ㅇㅡㄴㅍㅕㅣ	덮어 감춤.
경적	ㄱㅕㅇㅈㅓㄱ	차나 배에서 주의를 주려고 울리는 소리.
전달	ㅈㅓㄴㄷㅏㄹ	전하여 이르게 함.
단속	ㄷㅏㄴㅅㅗㄱ	규칙을 어기지 않도록 살피고 통제함.
문장	ㅁㅜㄴㅈㅏㅇ	생각을 글로 표현한 최소 단위.
억제	ㅇㅓㄱㅈㅓㅣ	눌러서 못 하게 함.
본적	ㅂㅗㄴㅈㅓㄱ	호적이 있던 곳.
정장	ㅈㅓㅇㅈㅏㅇ	격식을 갖춘 옷차림.
녹화	ㄴㅗㄱㅎㅗㅏ	영상을 기록함.
딱지	ㄷㄷㅏㄱㅈㅣ	종이를 접어 만든 놀이 도구. 또는 상처에 앉은 껍질.
시너지	ㅅㅣㄴㅓㅈㅣ	둘이 합쳐져 더 큰 효과를 냄.
채팅	ㅊㅏㅣㅌㅣㅇ	인터넷으로 글을 주고받으며 대화함.
정렬	ㅈㅓㅇㄹㅕㄹ	가지런히 줄을 세움.
협상	ㅎㅕㅂㅅㅏㅇ	서로 의논하여 타협함.
변형	ㅂㅕㄴㅎㅕㅇ	모양이 달라짐.
과장	ㄱㅗㅏㅈㅏㅇ	사실보다 부풀려 말함. 또는 회사의 과를 맡은 사람.
신형	ㅅㅣㄴㅎㅕㅇ	새로운 모양이나 형식.
신음	ㅅㅣㄴㅇㅡㅁ	아파서 내는 소리.
차원	ㅊㅏㅇㅜㅓㄴ	사물을 보는 입장이나 수준. 또는 공간의 넓이를 나타내는 수.
분당	ㅂㅜㄴㄷㅏㅇ	일 분마다. 또는 경기도 성남의 신도시.
렌치	ㄹㅓㅣㄴㅊㅣ	볼트나 너트를 죄는 공구.
중동	ㅈㅜㅇㄷㅗㅇ	서아시아와 북아프리카 일대 지역.
양성	ㅇㅑㅇㅅㅓㅇ	길러 냄. 또는 검사에서 반응이 있음.
색시	ㅅㅏㅣㄱㅅㅣ	갓 결혼한 여자.
대위	ㄷㅏㅣㅇㅜㅣ	군대 계급의 하나. 중위의 위, 소령의 아래.
적군	ㅈㅓㄱㄱㅜㄴ	적의 군대.
대전	ㄷㅏㅣㅈㅓㄴ	큰 싸움. 또는 충청도의 도시.
영영	ㅇㅕㅇㅇㅕㅇ	영원히. 아주.
풋볼	ㅍㅜㅅㅂㅗㄹ	축구나 미식축구.
연간	ㅇㅕㄴㄱㅏㄴ	한 해 동안.
원조	ㅇㅜㅓㄴㅈㅗ	도움을 줌. 또는 맨 처음 시작한 사람이나 것.
텍스	ㅌㅓㅣㄱㅅㅡ	섬유 굵기의 단위.
작업	ㅈㅏㄱㅇㅓㅂ	일을 함.
심문	ㅅㅣㅁㅁㅜㄴ	자세히 따져 물음.
단계	ㄷㅏㄴㄱㅕㅣ	일이 진행되는 차례.
삼각	ㅅㅏㅁㄱㅏㄱ	세 개의 각. 세모.
골반	ㄱㅗㄹㅂㅏㄴ	엉덩이 부분의 큰 뼈.
업계	ㅇㅓㅂㄱㅕㅣ	같은 업종의 사람들이 이루는 사회.
연합	ㅇㅕㄴㅎㅏㅂ	둘 이상이 힘을 합침.
명성	ㅁㅕㅇㅅㅓㅇ	세상에 널리 알려진 이름.
바나나	ㅂㅏㄴㅏㄴㅏ	길쭉하고 노란 열대 과일.
팬티	ㅍㅏㅣㄴㅌㅣ	아랫도리에 입는 속옷.
명함	ㅁㅕㅇㅎㅏㅁ	이름과 연락처를 적은 작은 카드.
숙취	ㅅㅜㄱㅊㅜㅣ	술을 마신 다음 날까지 남는 취기.
담낭	ㄷㅏㅁㄴㅏㅇ	쓸개.
상대	ㅅㅏㅇㄷㅏㅣ	마주 대하는 사람. 또는 서로 겨루는 쪽.
옥상	ㅇㅗㄱㅅㅏㅇ	건물의 지붕 위.
농장	ㄴㅗㅇㅈㅏㅇ	농사를 짓는 넓은 땅.
진실	ㅈㅣㄴㅅㅣㄹ	거짓이 없는 참.
총각	ㅊㅗㅇㄱㅏㄱ	결혼하지 않은 남자.
만일	ㅁㅏㄴㅇㅣㄹ	혹시 그럴 경우.
예예	ㅇㅕㅣㅇㅕㅣ	공손하게 대답하는 말.
파스타	ㅍㅏㅅㅡㅌㅏ	이탈리아식 국수 요리.
금세	ㄱㅡㅁㅅㅓㅣ	지금 바로. 곧.
능력	ㄴㅡㅇㄹㅕㄱ	일을 해낼 수 있는 힘.
밸브	ㅂㅏㅣㄹㅂㅡ	액체나 기체의 흐름을 여닫는 장치.
복장	ㅂㅗㄱㅈㅏㅇ	옷차림.
일종	ㅇㅣㄹㅈㅗㅇ	한 종류.
아멘	ㅇㅏㅁㅓㅣㄴ	기도 끝에 하는 말. 그렇게 되기를 바랍니다.
금단	ㄱㅡㅁㄷㅏㄴ	하지 못하게 금함. 특히 중독에서 끊었을 때 나타나는 증상.
탐정	ㅌㅏㅁㅈㅓㅇ	사건을 몰래 조사해 밝히는 사람.
제안	ㅈㅓㅣㅇㅏㄴ	의견을 내놓음.
대신	ㄷㅏㅣㅅㅣㄴ	남을 대리함. 또는 그 대신에.
장식	ㅈㅏㅇㅅㅣㄱ	보기 좋게 꾸밈.
방식	ㅂㅏㅇㅅㅣㄱ	일정한 형식이나 방법.
계급	ㄱㅕㅣㄱㅡㅂ	사회적 지위의 등급. 또는 군인의 등급.
연결	ㅇㅕㄴㄱㅕㄹ	서로 이어 맺음.
절제	ㅈㅓㄹㅈㅓㅣ	정도를 넘지 않게 억제함.
방금	ㅂㅏㅇㄱㅡㅁ	바로 조금 전.
과제	ㄱㅗㅏㅈㅓㅣ	해결해야 할 문제. 숙제.
만세	ㅁㅏㄴㅅㅓㅣ	축하하거나 기뻐하며 외치는 말.
직장	ㅈㅣㄱㅈㅏㅇ	일하는 곳.
세실	ㅅㅓㅣㅅㅣㄹ	사람 이름으로 흔히 쓰이는 말.
증명	ㅈㅡㅇㅁㅕㅇ	사실을 근거로 밝힘.
세상	ㅅㅓㅣㅅㅏㅇ	사람이 살고 있는 모든 사회.
크리크	ㅋㅡㄹㅣㅋㅡ	작은 시내를 뜻하는 영어.
일정	ㅇㅣㄹㅈㅓㅇ	그날 할 일의 계획. 또는 어느 정도 정해져 있음.
반복	ㅂㅏㄴㅂㅗㄱ	같은 일을 되풀이함.
침몰	ㅊㅣㅁㅁㅗㄹ	물속에 가라앉음.
혜성	ㅎㅕㅣㅅㅓㅇ	긴 꼬리를 끌며 태양 주위를 도는 천체.
육체	ㅇㅠㄱㅊㅓㅣ	사람의 몸.
전직	ㅈㅓㄴㅈㅣㄱ	이전의 직업. 또는 직업을 바꿈.
군단	ㄱㅜㄴㄷㅏㄴ	군대의 큰 단위 부대.
심령	ㅅㅣㅁㄹㅕㅇ	마음과 영혼. 또는 초자연적 정신 현상.
천장	ㅊㅓㄴㅈㅏㅇ	방의 위쪽 면.
건달	ㄱㅓㄴㄷㅏㄹ	하는 일 없이 빈둥거리며 노는 사람.
벨트	ㅂㅓㅣㄹㅌㅡ	허리띠.
비너스	ㅂㅣㄴㅓㅅㅡ	로마 신화의 사랑과 미의 여신.
국선	ㄱㅜㄱㅅㅓㄴ	나라가 지정함. 국선 변호인.
몇일	ㅁㅕㅊㅇㅣㄹ	며칠의 잘못된 표기. 몇 날.
법칙	ㅂㅓㅂㅊㅣㄱ	반드시 지켜야 할 규범. 또는 자연 현상의 규칙.
해상	ㅎㅏㅣㅅㅏㅇ	바다 위.
억양	ㅇㅓㄱㅇㅑㅇ	말소리의 높낮이.
원수	ㅇㅜㅓㄴㅅㅜ	원한이 맺힌 상대. 또는 군대의 최고 계급.
품위	ㅍㅜㅁㅇㅜㅣ	사람이 지닌 고상한 기품.
잠입	ㅈㅏㅁㅇㅣㅂ	몰래 숨어 들어감.
불안	ㅂㅜㄹㅇㅏㄴ	마음이 편하지 않고 조마조마함.
연설	ㅇㅕㄴㅅㅓㄹ	여러 사람 앞에서 자기 주장을 말함.
벤치	ㅂㅓㅣㄴㅊㅣ	여러 사람이 앉는 긴 의자.
예정	ㅇㅕㅣㅈㅓㅇ	미리 정함.
종일	ㅈㅗㅇㅇㅣㄹ	하루 내내.
맞춤	ㅁㅏㅈㅊㅜㅁ	몸이나 용도에 맞게 만듦.
교환	ㄱㅛㅎㅗㅏㄴ	서로 바꿈.
모텔	ㅁㅗㅌㅓㅣㄹ	자동차 여행자를 위한 숙박 시설.
충성	ㅊㅜㅇㅅㅓㅇ	나라나 윗사람에게 정성을 다함.
약점	ㅇㅑㄱㅈㅓㅁ	모자라거나 부족한 점.
브리지	ㅂㅡㄹㅣㅈㅣ	다리. 또는 노래에서 연결 부분.
상위	ㅅㅏㅇㅇㅜㅣ	높은 위치나 순위.
밤새	ㅂㅏㅁㅅㅏㅣ	밤사이. 밤이 지나는 동안.
평균	ㅍㅕㅇㄱㅠㄴ	여러 수의 중간값.
막상	ㅁㅏㄱㅅㅏㅇ	실제로 그 자리에 이르러.
감출	ㄱㅏㅁㅊㅜㄹ	감추다의 활용형. 숨길.
면회	ㅁㅕㄴㅎㅗㅣ	갇혀 있거나 입원한 사람을 만나 봄.
정각	ㅈㅓㅇㄱㅏㄱ	딱 맞는 그 시각.
금새	ㄱㅡㅁㅅㅏㅣ	금세의 잘못된 표기. 지금 바로.
존재	ㅈㅗㄴㅈㅏㅣ	실제로 있음.
작품	ㅈㅏㄱㅍㅜㅁ	예술 활동으로 만든 것.
배신	ㅂㅏㅣㅅㅣㄴ	믿음을 저버림.
북극	ㅂㅜㄱㄱㅡㄱ	지구의 가장 북쪽.
충전	ㅊㅜㅇㅈㅓㄴ	전기나 기운을 채움.
경험	ㄱㅕㅇㅎㅓㅁ	실제로 겪음.
수백	ㅅㅜㅂㅏㅣㄱ	여러 백. 백의 몇 배.
일단	ㅇㅣㄹㄷㅏㄴ	우선 먼저.
식량	ㅅㅣㄱㄹㅑㅇ	먹을 양식.
신청	ㅅㅣㄴㅊㅓㅇ	신고하여 청구함.
등신	ㄷㅡㅇㅅㅣㄴ	어리석은 사람을 낮잡아 이르는 말.
개방	ㄱㅏㅣㅂㅏㅇ	열어 놓음.
망신	ㅁㅏㅇㅅㅣㄴ	체면이나 명예가 깎임.
늑골	ㄴㅡㄱㄱㅗㄹ	갈비뼈.
현금	ㅎㅕㄴㄱㅡㅁ	지금 바로 쓸 수 있는 돈.
마무리	ㅁㅏㅁㅜㄹㅣ	일의 끝을 맺음.
예언	ㅇㅕㅣㅇㅓㄴ	앞일을 미리 말함.
절반	ㅈㅓㄹㅂㅏㄴ	반으로 나눈 것의 하나.
한판	ㅎㅏㄴㅍㅏㄴ	한 번의 승부나 놀이.
물건	ㅁㅜㄹㄱㅓㄴ	형체를 갖춘 모든 물질적 대상.
히드라	ㅎㅣㄷㅡㄹㅏ	머리가 여럿인 그리스 신화의 괴물. 또는 민물에 사는 작은 동물.
선율	ㅅㅓㄴㅇㅠㄹ	음악의 가락. 멜로디.
평방	ㅍㅕㅇㅂㅏㅇ	제곱. 넓이의 단위 앞에 붙는 말.
불알	ㅂㅜㄹㅇㅏㄹ	남자의 고환을 속되게 이르는 말.
법적	ㅂㅓㅂㅈㅓㄱ	법에 관한. 법률상의.
탄창	ㅌㅏㄴㅊㅏㅇ	총알을 넣어 두는 통.
복싱	ㅂㅗㄱㅅㅣㅇ	권투.
입력	ㅇㅣㅂㄹㅕㄱ	컴퓨터에 자료를 넣음.
월시	ㅇㅜㅓㄹㅅㅣ	사람 이름으로 흔히 쓰이는 말.
내말	ㄴㅏㅣㅁㅏㄹ	내 말. 내가 하는 말.
별반	ㅂㅕㄹㅂㅏㄴ	별로. 따로 다르게.
출신	ㅊㅜㄹㅅㅣㄴ	태어난 곳이나 거쳐 온 학교, 직업.
배경	ㅂㅏㅣㄱㅕㅇ	뒤쪽의 경치. 또는 사건의 바탕이 되는 사정.
카지노	ㅋㅏㅈㅣㄴㅗ	도박을 하는 오락장.
총상	ㅊㅗㅇㅅㅏㅇ	총에 맞아 생긴 상처.
영향	ㅇㅕㅇㅎㅑㅇ	어떤 것이 다른 것에 미치는 작용.
전개	ㅈㅓㄴㄱㅏㅣ	펼쳐 나감.
취재	ㅊㅜㅣㅈㅏㅣ	기사를 쓰려고 자료를 조사함.
전설	ㅈㅓㄴㅅㅓㄹ	옛날부터 전해 내려오는 이야기.
알콜	ㅇㅏㄹㅋㅗㄹ	술의 주성분. 표준 표기는 알코올.
한명	ㅎㅏㄴㅁㅕㅇ	한 명. 한 사람.
변신	ㅂㅕㄴㅅㅣㄴ	모습을 바꿈.
인적	ㅇㅣㄴㅈㅓㄱ	사람의 자취.
기관	ㄱㅣㄱㅗㅏㄴ	일정한 역할을 하는 조직. 또는 몸의 장기.
회전	ㅎㅗㅣㅈㅓㄴ	빙빙 돎.
전할	ㅈㅓㄴㅎㅏㄹ	전하다의 활용형. 전달할.
흥분	ㅎㅡㅇㅂㅜㄴ	감정이 북받쳐 오름.
한참	ㅎㅏㄴㅊㅏㅁ	시간이 상당히 지나는 동안.
신분	ㅅㅣㄴㅂㅜㄴ	사회적 지위.
패턴	ㅍㅏㅣㅌㅓㄴ	되풀이되는 일정한 형태.
망상	ㅁㅏㅇㅅㅏㅇ	근거 없이 헛된 생각.
의식	ㅇㅡㅣㅅㅣㄱ	깨어 있는 정신 상태. 또는 정해진 격식의 행사.
진작	ㅈㅣㄴㅈㅏㄱ	좀 더 일찍이.
회장	ㅎㅗㅣㅈㅏㅇ	모임이나 회사를 대표하는 사람.
장전	ㅈㅏㅇㅈㅓㄴ	총에 탄알을 넣음.
화상	ㅎㅗㅏㅅㅏㅇ	불에 덴 상처. 또는 화면에 나타난 영상.
측면	ㅊㅡㄱㅁㅕㄴ	옆면. 또는 사물의 한 부분.
계란	ㄱㅕㅣㄹㅏㄴ	달걀.
배낭	ㅂㅏㅣㄴㅏㅇ	등에 메는 가방.
확보	ㅎㅗㅏㄱㅂㅗ	확실하게 갖춤.
내장	ㄴㅏㅣㅈㅏㅇ	몸속의 장기.
승상	ㅅㅡㅇㅅㅏㅇ	옛날 중국의 재상.
난들	ㄴㅏㄴㄷㅡㄹ	나라고 한들. 나라도.
원시	ㅇㅜㅓㄴㅅㅣ	처음 그대로의 상태. 또는 멀리 있는 것이 잘 보이는 눈.
동면	ㄷㅗㅇㅁㅕㄴ	겨울잠.
선장	ㅅㅓㄴㅈㅏㅇ	배의 우두머리.
수행	ㅅㅜㅎㅏㅣㅇ	일을 해냄. 또는 도를 닦음.
정상	ㅈㅓㅇㅅㅏㅇ	산의 꼭대기. 또는 특별한 문제가 없는 상태.
중대	ㅈㅜㅇㄷㅏㅣ	매우 중요함. 또는 군대 단위의 하나.
영화	ㅇㅕㅇㅎㅗㅏ	움직이는 영상으로 만든 이야기.
라디오	ㄹㅏㄷㅣㅇㅗ	전파로 방송을 듣는 장치.
입양	ㅇㅣㅂㅇㅑㅇ	남의 아이를 자식으로 들임.
이스트	ㅇㅣㅅㅡㅌㅡ	빵을 부풀리는 효모. 또는 동쪽을 뜻하는 영어.
요셉	ㅇㅛㅅㅓㅣㅂ	성경에 나오는 인물.
현재	ㅎㅕㄴㅈㅏㅣ	지금 이때.
앵커	ㅇㅏㅣㅇㅋㅓ	뉴스를 진행하는 사람. 또는 배의 닻.
매직	ㅁㅏㅣㅈㅣㄱ	마술. 또는 굵은 유성 펜.
전례	ㅈㅓㄴㄹㅕㅣ	이전부터 있던 사례.
신랑	ㅅㅣㄴㄹㅏㅇ	갓 결혼한 남자.
코미디	ㅋㅗㅁㅣㄷㅣ	웃음을 주는 연극이나 영화.
강력	ㄱㅏㅇㄹㅕㄱ	힘이 셈.
악질	ㅇㅏㄱㅈㅣㄹ	성질이 매우 나쁨.
성당	ㅅㅓㅇㄷㅏㅇ	가톨릭교회의 예배당.
농담	ㄴㅗㅇㄷㅏㅁ	장난으로 하는 말.
인명	ㅇㅣㄴㅁㅕㅇ	사람의 목숨.
예상	ㅇㅕㅣㅅㅏㅇ	앞일을 미리 짐작함.
영국	ㅇㅕㅇㄱㅜㄱ	유럽 서북쪽 섬나라. 수도는 런던.
모니터	ㅁㅗㄴㅣㅌㅓ	컴퓨터 화면 장치.
성장	ㅅㅓㅇㅈㅏㅇ	자라서 커짐.
성벽	ㅅㅓㅇㅂㅕㄱ	성을 둘러싼 벽.
개복	ㄱㅏㅣㅂㅗㄱ	배를 갈라 엶.
보관	ㅂㅗㄱㅗㅏㄴ	맡아서 간직함.
합동	ㅎㅏㅂㄷㅗㅇ	여럿이 하나로 합함.
발견	ㅂㅏㄹㄱㅕㄴ	미처 몰랐던 것을 찾아냄.
계산	ㄱㅕㅣㅅㅏㄴ	수를 헤아림. 또는 값을 치름.
얼음	ㅇㅓㄹㅇㅡㅁ	물이 얼어 굳은 것.
단일	ㄷㅏㄴㅇㅣㄹ	하나로 됨.
의회	ㅇㅡㅣㅎㅗㅣ	국민의 대표가 모여 법을 만드는 기관.
궁전	ㄱㅜㅇㅈㅓㄴ	임금이 사는 큰 집.
복강	ㅂㅗㄱㄱㅏㅇ	배 속의 빈 공간.
왜지	ㅇㅗㅏㅣㅈㅣ	왜 그런지. 까닭이 궁금할 때 하는 말.
발레	ㅂㅏㄹㄹㅓㅣ	음악에 맞추어 추는 서양 무용.
이쪽	ㅇㅣㅈㅈㅗㄱ	말하는 사람에게 가까운 쪽.
패들	ㅍㅏㅣㄷㅡㄹ	노. 카누나 탁구에서 쓰는 채.
불임	ㅂㅜㄹㅇㅣㅁ	아이를 갖지 못함.
인물	ㅇㅣㄴㅁㅜㄹ	사람. 또는 뛰어난 사람.
세면	ㅅㅓㅣㅁㅕㄴ	얼굴을 씻음.
태양	ㅌㅏㅣㅇㅑㅇ	해.
생리	ㅅㅏㅣㅇㄹㅣ	몸의 생명 활동. 또는 여성의 월경.
의견	ㅇㅡㅣㄱㅕㄴ	어떤 일에 대한 생각.
능금	ㄴㅡㅇㄱㅡㅁ	작은 사과 종류의 열매.
졸업	ㅈㅗㄹㅇㅓㅂ	학교 과정을 마침.
세척	ㅅㅓㅣㅊㅓㄱ	깨끗이 씻음.
러셀	ㄹㅓㅅㅓㅣㄹ	사람 이름으로 흔히 쓰이는 말.
반대	ㅂㅏㄴㄷㅏㅣ	맞서 거스름. 또는 정반대 방향.
스텐	ㅅㅡㅌㅓㅣㄴ	녹슬지 않는 강철. 스테인리스의 준말.
성형	ㅅㅓㅇㅎㅕㅇ	모양을 만듦. 특히 외모를 고치는 수술.
해체	ㅎㅏㅣㅊㅓㅣ	조직이나 구조물을 흩어 없앰.
종결	ㅈㅗㅇㄱㅕㄹ	끝을 맺음.
만성	ㅁㅏㄴㅅㅓㅇ	오래 끌며 잘 낫지 않는 성질.
반장	ㅂㅏㄴㅈㅏㅇ	반의 대표.
당직	ㄷㅏㅇㅈㅣㄱ	순번을 정해 근무를 맡음.
진단	ㅈㅣㄴㄷㅏㄴ	병의 상태를 판단함.
금방	ㄱㅡㅁㅂㅏㅇ	이제 곧. 바로 조금 전.
공룡	ㄱㅗㅇㄹㅛㅇ	아주 옛날에 살았던 거대한 파충류.
국립	ㄱㅜㄱㄹㅣㅂ	나라에서 세움.
판막	ㅍㅏㄴㅁㅏㄱ	심장이나 혈관에서 피가 거꾸로 흐르지 않게 막는 얇은 막.
알란	ㅇㅏㄹㄹㅏㄴ	사람 이름으로 흔히 쓰이는 말.
정전	ㅈㅓㅇㅈㅓㄴ	전기가 끊김. 또는 싸움을 멈춤.
임충	ㅇㅣㅁㅊㅜㅇ	소설 수호지에 나오는 인물.
온실	ㅇㅗㄴㅅㅣㄹ	식물을 기르려고 따뜻하게 만든 방.
운영	ㅇㅜㄴㅇㅕㅇ	조직이나 기구를 움직여 나감.
서커스	ㅅㅓㅋㅓㅅㅡ	곡예와 동물 묘기를 보여 주는 공연.
동일	ㄷㅗㅇㅇㅣㄹ	똑같음.
개장	ㄱㅏㅣㅈㅏㅇ	문을 열고 영업이나 장을 시작함.
실제	ㅅㅣㄹㅈㅓㅣ	사실의 경우나 형편.
위성	ㅇㅜㅣㅅㅓㅇ	행성 주위를 도는 천체. 또는 인공위성.
소시지	ㅅㅗㅅㅣㅈㅣ	다진 고기를 창자에 넣어 만든 식품.
스윙	ㅅㅡㅇㅜㅣㅇ	흔들거나 휘두름. 골프나 야구의 휘두르기.
명절	ㅁㅕㅇㅈㅓㄹ	설이나 추석처럼 해마다 지키는 날.
임금	ㅇㅣㅁㄱㅡㅁ	나라를 다스리는 왕. 또는 일한 대가로 받는 돈.
명단	ㅁㅕㅇㄷㅏㄴ	이름을 적은 표.
설령	ㅅㅓㄹㄹㅕㅇ	가정하여 말할 때 쓰는 말. 그렇다 하더라도.
임박	ㅇㅣㅁㅂㅏㄱ	가까이 닥침.
진심	ㅈㅣㄴㅅㅣㅁ	거짓 없는 참된 마음.
강제	ㄱㅏㅇㅈㅓㅣ	억지로 시킴.
인정	ㅇㅣㄴㅈㅓㅇ	확실히 그렇다고 여김. 또는 남을 생각하는 따뜻한 마음.
화면	ㅎㅗㅏㅁㅕㄴ	영상이 나타나는 면.
주파수	ㅈㅜㅍㅏㅅㅜ	전파나 소리가 일 초에 진동하는 횟수.
코브라	ㅋㅗㅂㅡㄹㅏ	목을 넓게 펴는 독사.
마르코	ㅁㅏㄹㅡㅋㅗ	사람 이름으로 흔히 쓰이는 말.
과일	ㄱㅗㅏㅇㅣㄹ	나무에서 나는 먹는 열매.
운동	ㅇㅜㄴㄷㅗㅇ	몸을 움직임. 또는 어떤 목적을 위한 활동.
웨버	ㅇㅜㅓㅣㅂㅓ	사람 이름으로 흔히 쓰이는 말.
온대	ㅇㅗㄴㄷㅏㅣ	따뜻하고 사계절이 뚜렷한 기후대.
측정	ㅊㅡㄱㅈㅓㅇ	기구로 재어 값을 구함.
와플	ㅇㅗㅏㅍㅡㄹ	격자무늬로 구운 서양 과자.
대강	ㄷㅏㅣㄱㅏㅇ	자세하지 않게 대충.
독성	ㄷㅗㄱㅅㅓㅇ	독이 있는 성질.
리포트	ㄹㅣㅍㅗㅌㅡ	조사나 연구 결과를 적은 보고서.
불면	ㅂㅜㄹㅁㅕㄴ	잠을 이루지 못함.
화재	ㅎㅗㅏㅈㅏㅣ	불이 나는 재난.
아버지	ㅇㅏㅂㅓㅈㅣ	아빠. 남자 어버이.
대령	ㄷㅏㅣㄹㅕㅇ	군대 계급의 하나. 중령의 위, 준장의 아래.
가지기	ㄱㅏㅈㅣㄱㅣ	가지다의 명사형. 가짐.
함대	ㅎㅏㅁㄷㅏㅣ	여러 군함으로 이룬 부대.
고백	ㄱㅗㅂㅏㅣㄱ	숨긴 마음을 털어놓음.
긴장	ㄱㅣㄴㅈㅏㅇ	마음을 늦추지 않고 조임.
총독	ㅊㅗㅇㄷㅗㄱ	식민지를 다스리던 최고 관리.
대장	ㄷㅏㅣㅈㅏㅇ	군대의 최고 계급. 또는 무리의 우두머리.
해본	ㅎㅏㅣㅂㅗㄴ	해 보다의 활용형. 시도해 본.
브라스	ㅂㅡㄹㅏㅅㅡ	금관 악기. 또는 놋쇠.
진공	ㅈㅣㄴㄱㅗㅇ	공기가 전혀 없는 상태.
선체	ㅅㅓㄴㅊㅓㅣ	배의 몸체.
법정	ㅂㅓㅂㅈㅓㅇ	재판을 하는 곳.
경매	ㄱㅕㅇㅁㅏㅣ	값을 가장 높게 부르는 사람에게 파는 일.
해군	ㅎㅏㅣㄱㅜㄴ	바다에서 싸우는 군대.
정찰	ㅈㅓㅇㅊㅏㄹ	적의 형편을 몰래 살핌.
관리	ㄱㅗㅏㄴㄹㅣ	일을 맡아 처리함. 또는 공무원.
군중	ㄱㅜㄴㅈㅜㅇ	많은 사람의 무리.
클럽	ㅋㅡㄹㄹㅓㅂ	같은 취미의 모임. 또는 춤추며 노는 곳.
항문	ㅎㅏㅇㅁㅜㄴ	똥을 내보내는 몸의 구멍.
클론	ㅋㅡㄹㄹㅗㄴ	똑같이 복제한 생물이나 사물.
엑스	ㅇㅓㅣㄱㅅㅡ	알파벳 스물넷째 글자. 모르는 수를 나타냄.
근성	ㄱㅡㄴㅅㅓㅇ	끈질기게 버티는 성질.
탱고	ㅌㅏㅣㅇㄱㅗ	아르헨티나에서 생긴 정열적인 춤과 음악.
월리	ㅇㅜㅓㄹㄹㅣ	사람 이름으로 흔히 쓰이는 말.
마스터	ㅁㅏㅅㅡㅌㅓ	어떤 일에 통달한 사람. 또는 완전히 익힘.
천연	ㅊㅓㄴㅇㅕㄴ	사람의 손이 닿지 않은 자연 그대로.
출력	ㅊㅜㄹㄹㅕㄱ	기계가 내는 힘. 또는 컴퓨터에서 결과를 내보냄.
야쿠자	ㅇㅑㅋㅜㅈㅏ	일본의 폭력 조직.
충동	ㅊㅜㅇㄷㅗㅇ	갑자기 하고 싶어지는 마음.
육상	ㅇㅠㄱㅅㅏㅇ	땅 위. 또는 달리기와 던지기 같은 경기.
경영	ㄱㅕㅇㅇㅕㅇ	기업이나 사업을 운영함.
접근	ㅈㅓㅂㄱㅡㄴ	가까이 다가감.
태반	ㅌㅏㅣㅂㅏㄴ	절반 이상. 대부분. 또는 태아를 감싸는 기관.
게임	ㄱㅓㅣㅇㅣㅁ	규칙에 따라 겨루는 놀이.
변태	ㅂㅕㄴㅌㅏㅣ	모습이 크게 바뀜. 또는 비정상적인 성향.
브로드	ㅂㅡㄹㅗㄷㅡ	넓다는 뜻의 영어. 브로드웨이의 준말.
이왕	ㅇㅣㅇㅗㅏㅇ	이미 그렇게 된 바에.
천공	ㅊㅓㄴㄱㅗㅇ	구멍을 뚫음.
앨리	ㅇㅏㅣㄹㄹㅣ	사람 이름으로 흔히 쓰이는 말.
램프	ㄹㅏㅣㅁㅍㅡ	등불. 또는 고속도로의 진입로.
강화	ㄱㅏㅇㅎㅗㅏ	더 튼튼하게 함.
의학	ㅇㅡㅣㅎㅏㄱ	병을 고치고 건강을 지키는 학문.
품질	ㅍㅜㅁㅈㅣㄹ	물건의 성질과 바탕.
오로라	ㅇㅗㄹㅗㄹㅏ	극지방 하늘에 나타나는 빛의 커튼.
극적	ㄱㅡㄱㅈㅓㄱ	연극처럼 감동적이고 인상적임.
봉합	ㅂㅗㅇㅎㅏㅂ	꿰매어 붙임.
잠복	ㅈㅏㅁㅂㅗㄱ	겉으로 드러나지 않고 숨어 있음.
향상	ㅎㅑㅇㅅㅏㅇ	실력이나 수준이 나아짐.
집안	ㅈㅣㅂㅇㅏㄴ	가족이나 가까운 일가.
연락	ㅇㅕㄴㄹㅏㄱ	소식을 전함.
계정	ㄱㅕㅣㅈㅓㅇ	온라인 서비스에서 사용자를 구별하는 자격.
병장	ㅂㅕㅇㅈㅏㅇ	병사 계급 중 가장 높은 계급.
착각	ㅊㅏㄱㄱㅏㄱ	잘못 보거나 잘못 생각함.
성공	ㅅㅓㅇㄱㅗㅇ	목적을 이룸.
체육	ㅊㅓㅣㅇㅠㄱ	몸을 튼튼하게 하는 운동 교육.
무기고	ㅁㅜㄱㅣㄱㅗ	무기를 넣어 두는 창고.
불록	ㅂㅜㄹㄹㅗㄱ	블록의 잘못된 표기. 덩어리나 구역.
폭발	ㅍㅗㄱㅂㅏㄹ	갑자기 터짐.
파라오	ㅍㅏㄹㅏㅇㅗ	고대 이집트의 왕.
취향	ㅊㅜㅣㅎㅑㅇ	좋아하는 방향이나 경향.
나으리	ㄴㅏㅇㅡㄹㅣ	옛날에 지체 높은 사람을 부르던 말.
상상	ㅅㅏㅇㅅㅏㅇ	실제로 없는 것을 머릿속으로 그려 봄.
종양	ㅈㅗㅇㅇㅑㅇ	몸에 생긴 비정상적인 세포 덩어리. 혹.
모서리	ㅁㅗㅅㅓㄹㅣ	물체의 뾰족한 가장자리.
늑대	ㄴㅡㄱㄷㅏㅣ	개와 비슷한 사나운 산짐승.
상담	ㅅㅏㅇㄷㅏㅁ	문제를 해결하려고 서로 의논함.
상실	ㅅㅏㅇㅅㅣㄹ	잃어버림.
도미노	ㄷㅗㅁㅣㄴㅗ	줄지어 세워 차례로 쓰러뜨리는 놀이.
약품	ㅇㅑㄱㅍㅜㅁ	약. 약제.
정식	ㅈㅓㅇㅅㅣㄱ	정해진 격식. 또는 정해진 차림의 식사.
특종	ㅌㅡㄱㅈㅗㅇ	기자가 단독으로 보도하는 중요한 기사.
정통	ㅈㅓㅇㅌㅗㅇ	바른 계통. 또는 정확히 맞음.
청혼	ㅊㅓㅇㅎㅗㄴ	결혼하자고 청함.
중일	ㅈㅜㅇㅇㅣㄹ	중국과 일본.
탈선	ㅌㅏㄹㅅㅓㄴ	기차가 선로를 벗어남. 또는 바른길에서 벗어남.
박쥐	ㅂㅏㄱㅈㅜㅣ	밤에 날아다니는 젖먹이 동물.
백마	ㅂㅏㅣㄱㅁㅏ	털이 흰 말.
해제	ㅎㅏㅣㅈㅓㅣ	묶인 것을 풀어 없앰.
금속	ㄱㅡㅁㅅㅗㄱ	쇠붙이.
항복	ㅎㅏㅇㅂㅗㄱ	적에게 굴복함.
원고	ㅇㅜㅓㄴㄱㅗ	인쇄하려고 쓴 글. 또는 소송을 낸 사람.
팔찌	ㅍㅏㄹㅈㅈㅣ	손목에 끼는 장식품.
손님	ㅅㅗㄴㄴㅣㅁ	찾아온 사람. 또는 가게에 온 고객.
애론	ㅇㅏㅣㄹㅗㄴ	사람 이름으로 흔히 쓰이는 말.
신참	ㅅㅣㄴㅊㅏㅁ	새로 들어온 사람.
경감	ㄱㅕㅇㄱㅏㅁ	덜어서 가볍게 함. 또는 경찰 계급의 하나.
드러머	ㄷㅡㄹㅓㅁㅓ	드럼을 연주하는 사람.
인격	ㅇㅣㄴㄱㅕㄱ	사람으로서의 품격.
당장	ㄷㅏㅇㅈㅏㅇ	바로 지금.
돼지	ㄷㅗㅏㅣㅈㅣ	살이 많고 통통한 집짐승.
진정	ㅈㅣㄴㅈㅓㅇ	참되고 애틋함. 또는 마음을 가라앉힘.
모델	ㅁㅗㄷㅓㅣㄹ	본보기. 또는 옷이나 상품을 보여 주는 사람.
상공	ㅅㅏㅇㄱㅗㅇ	하늘 위. 또는 상업과 공업.
중립	ㅈㅜㅇㄹㅣㅂ	어느 쪽에도 치우치지 않음.
장면	ㅈㅏㅇㅁㅕㄴ	어떤 일이 벌어지는 모습. 영화의 한 대목.
출산	ㅊㅜㄹㅅㅏㄴ	아이를 낳음.
독감	ㄷㅗㄱㄱㅏㅁ	독한 유행성 감기.
현실	ㅎㅕㄴㅅㅣㄹ	실제로 존재하는 사실.
색스	ㅅㅏㅣㄱㅅㅡ	색소폰의 준말.
대응	ㄷㅏㅣㅇㅡㅇ	상황에 맞추어 행동함.
제복	ㅈㅓㅣㅂㅗㄱ	정해진 양식의 옷.
감옥	ㄱㅏㅁㅇㅗㄱ	죄인을 가두는 곳.
충분	ㅊㅜㅇㅂㅜㄴ	모자람이 없이 넉넉함.
분출	ㅂㅜㄴㅊㅜㄹ	세차게 뿜어 나옴.
괴짜	ㄱㅗㅣㅈㅈㅏ	별나고 이상한 사람.
분홍	ㅂㅜㄴㅎㅗㅇ	연한 붉은색.
영상	ㅇㅕㅇㅅㅏㅇ	화면에 비친 모습.
걸레	ㄱㅓㄹㄹㅓㅣ	더러운 곳을 닦는 헝겊.
인용	ㅇㅣㄴㅇㅛㅇ	남의 말이나 글을 끌어다 씀.
목적	ㅁㅗㄱㅈㅓㄱ	이루려는 일이나 방향.
방송	ㅂㅏㅇㅅㅗㅇ	전파로 소식과 프로그램을 내보냄.
채널	ㅊㅏㅣㄴㅓㄹ	방송 주파수의 통로.
방귀	ㅂㅏㅇㄱㅜㅣ	항문으로 나오는 가스.
문화	ㅁㅜㄴㅎㅗㅏ	한 사회가 이루어 온 생활 양식과 예술.
반경	ㅂㅏㄴㄱㅕㅇ	원의 중심에서 둘레까지의 거리.
재킷	ㅈㅏㅣㅋㅣㅅ	앞이 트인 짧은 웃옷.
형제	ㅎㅕㅇㅈㅓㅣ	형과 아우.
병태	ㅂㅕㅇㅌㅏㅣ	병의 상태. 또는 사람 이름으로 흔히 쓰이는 말.
대박	ㄷㅏㅣㅂㅏㄱ	크게 성공함을 속되게 이르는 말.
성적	ㅅㅓㅇㅈㅓㄱ	시험이나 경기의 결과.
감염	ㄱㅏㅁㅇㅕㅁ	병균이 몸에 들어옴.
대상	ㄷㅏㅣㅅㅏㅇ	어떤 일의 상대나 목표.
송신	ㅅㅗㅇㅅㅣㄴ	신호나 방송을 보냄.
병력	ㅂㅕㅇㄹㅕㄱ	군대의 힘. 또는 앓아 온 병의 내력.
양말	ㅇㅑㅇㅁㅏㄹ	발에 신는 천 제품.
안전	ㅇㅏㄴㅈㅓㄴ	위험이 없음.
문제	ㅁㅜㄴㅈㅓㅣ	풀어야 할 물음. 또는 해결해야 할 일.
남극	ㄴㅏㅁㄱㅡㄱ	지구의 가장 남쪽.
참견	ㅊㅏㅁㄱㅕㄴ	남의 일에 끼어들어 이래라저래라 함.
연속	ㅇㅕㄴㅅㅗㄱ	끊이지 않고 이어짐.
악화	ㅇㅏㄱㅎㅗㅏ	나빠짐.
동공	ㄷㅗㅇㄱㅗㅇ	눈동자의 가운데 검은 부분.
작전	ㅈㅏㄱㅈㅓㄴ	싸움이나 일을 위한 계획과 행동.
지원	ㅈㅣㅇㅜㅓㄴ	도와줌. 또는 어떤 자리에 신청함.
분장	ㅂㅜㄴㅈㅏㅇ	배역에 맞게 얼굴과 옷을 꾸밈.
꼬박	ㄱㄱㅗㅂㅏㄱ	어떤 상태를 계속 유지하는 모양. 밤을 꼬박 새우다.
등록	ㄷㅡㅇㄹㅗㄱ	장부에 올림.
삭제	ㅅㅏㄱㅈㅓㅣ	지워 없앰.
